rank,file,type,words,inbound,outbound,contextual_links,score
1,analyzing-competitor-virality-scores.html,Pillar/article,1229,14,17,11,100
2,analyzing-viral-video-metrics.html,Pillar/article,1176,22,17,12,100
3,calculating-virality-score.html,Pillar/article,1214,252,11,7,100
4,case-studies-of-viral-videos.html,Pillar/article,1393,29,18,12,100
5,collaboration-in-viral-video-production.html,Pillar/article,1156,17,19,14,100
6,colors-and-visual-design-in-viral-videos.html,Pillar/article,1133,20,19,13,100
7,common-mistakes-in-creating-viral-videos.html,Pillar/article,1164,13,19,13,100
8,community-building-for-virality.html,Pillar/article,2066,35,17,11,100
9,creating-shareable-video-content.html,Pillar/article,1152,18,18,12,100
10,cultural-impact-on-video-virality.html,Pillar/article,1197,34,16,10,100
11,exploring-the-role-of-social-media-in-video-virality.html,Pillar/article,3576,68,19,14,100
12,factors-affecting-video-virality-score.html,Pillar/article,1166,240,18,14,100
13,genres-that-boost-video-virality.html,Pillar/article,1145,19,18,13,100
14,how-to-calculate-video-virality-score.html,Pillar/article,1272,239,17,13,100
15,how-to-improve-video-virality-score.html,Pillar/article,2814,549,17,13,100
16,impact-of-branding-on-video-virality.html,Pillar/article,1198,17,18,12,100
17,index.html,Hub index,2289,964,250,247,100
18,leveraging-influencers-for-video-virality.html,Pillar/article,1144,17,17,12,100
19,mobile-optimization-for-viral-videos.html,Pillar/article,1780,15,24,19,100
20,optimizing-thumbnails-for-virality.html,Pillar/article,1135,19,18,12,100
21,optimizing-video-length-for-virality.html,Pillar/article,1259,17,19,13,100
22,the-art-of-storytelling-in-viral-videos.html,Pillar/article,1646,30,18,12,100
23,the-connection-between-trends-and-virality.html,Pillar/article,1160,19,19,13,100
24,the-impact-of-video-quality-on-virality.html,Pillar/article,1256,15,19,13,100
25,the-importance-of-a-strong-call-to-action.html,Pillar/article,1191,13,14,8,100
26,the-role-of-emotion-in-video-virality.html,Pillar/article,1706,31,19,14,100
27,timing-of-video-release-and-virality.html,Pillar/article,1113,17,17,12,100
28,title-length-and-its-impact-on-video-virality.html,Pillar/article,1119,22,19,13,100
29,top-10-video-virality-tools.html,Pillar/article,1206,15,18,13,100
30,understanding-audience-feedback-for-virality.html,Pillar/article,1126,13,16,11,100
31,understanding-audience-targeting.html,Pillar/article,1150,23,14,9,100
32,understanding-video-virality-analytics.html,Pillar/article,1752,273,18,14,100
33,user-generated-content-and-video-virality.html,Pillar/article,1301,23,19,13,100
34,video-virality-best-practices.html,Pillar/article,1251,213,11,7,100
35,viral-video-trends-in-2026.html,Pillar/article,2888,543,17,12,100
36,what-is-video-virality-score.html,Pillar/article,2103,529,17,13,100
37,navigating-video-regulations-and-compliance.html,Pillar/article,1127,9,20,14,95
38,about.html,Trust page,376,537,8,4,90
39,author-profile.html,Trust page,402,501,8,2,90
40,editorial-policy.html,Trust page,478,537,8,3,90
41,building-a-community-around-your-video.html,Pillar/article,1275,2,13,7,60
42,creating-engaging-thumbnails-for-virality.html,Pillar/article,1251,2,13,7,60
43,tailoring-content-for-different-platforms.html,Pillar/article,1291,2,13,7,60
44,the-importance-of-mobile-optimization-for-video-virality.html,Pillar/article,1345,2,13,7,60
45,top-viral-video-formats.html,Pillar/article,1245,2,13,7,60
46,2026-video-virality-trends-to-watch.html,Pillar/article,1338,1,13,8,55
47,analytics-and-the-future-of-video-virality.html,Pillar/article,1300,1,12,7,55
48,analyzing-competitors-for-viral-video-strategy.html,Pillar/article,1314,1,13,7,55
49,analyzing-the-competition-for-virality.html,Pillar/article,1245,1,13,7,55
50,analyzing-video-virality-score-metrics.html,Pillar/article,1291,1,13,7,55
51,analyzing-viral-video-case-studies.html,Pillar/article,1283,1,13,7,55
52,analyzing-viral-video-trends.html,Pillar/article,1256,1,12,7,55
53,benefits-of-viral-video-strategy.html,Pillar/article,1289,1,13,7,55
54,building-a-viral-video-community.html,Pillar/article,1290,1,13,7,55
55,building-encouraging-communities-for-video-sharing.html,Pillar/article,1326,1,13,7,55
56,can-music-affect-video-virality.html,Pillar/article,1299,1,14,8,55
57,case-studies-in-viral-video-success.html,Pillar/article,1331,1,14,8,55
58,case-studies-in-viral-videos-and-their-scores.html,Pillar/article,1390,1,13,7,55
59,case-study-successful-viral-videos.html,Pillar/article,1283,1,13,7,55
60,co-creating-videos-with-audience.html,Pillar/article,1289,1,13,7,55
61,collaborative-strategies-for-viral-video.html,Pillar/article,1283,1,13,7,55
62,community-engagement-and-video-virality.html,Pillar/article,1241,1,13,7,55
63,content-creation-for-virality.html,Pillar/article,1218,1,12,7,55
64,content-length-and-virality-relationship.html,Pillar/article,1286,1,13,7,55
65,crafting-captivating-intros-for-virality.html,Pillar/article,1258,1,13,7,55
66,creating-challenges-for-viral-content.html,Pillar/article,1237,1,12,7,55
67,creating-shareable-content.html,Pillar/article,1206,1,13,7,55
68,creating-viral-influencer-content.html,Pillar/article,1246,1,13,7,55
69,cross-platform-promotions-for-viral-videos.html,Pillar/article,1288,1,14,8,55
70,cultural-influences-on-video-virality.html,Pillar/article,1287,1,13,7,55
71,current-social-trends-in-video-virality.html,Pillar/article,1277,1,12,7,55
72,customizing-video-content-for-audience.html,Pillar/article,1282,1,13,7,55
73,designing-for-viral-potential.html,Pillar/article,1252,1,12,7,55
74,developing-a-viral-content-calendar.html,Pillar/article,1292,1,12,7,55
75,discovering-trending-topics-for-video-virality.html,Pillar/article,1273,1,13,7,55
76,dissecting-viral-video-campaigns.html,Pillar/article,1247,1,13,7,55
77,educational-content-and-video-virality.html,Pillar/article,1236,1,13,7,55
78,emotional-appeal-in-viral-videos.html,Pillar/article,1236,1,13,7,55
79,emotional-content-and-virality-score.html,Pillar/article,1289,1,13,7,55
80,engagement-metrics-and-virality.html,Pillar/article,1221,1,13,7,55
81,engaging-audience-with-video-virality.html,Pillar/article,1292,1,13,7,55
82,engaging-audiences-with-video-end-screens.html,Pillar/article,1339,1,13,8,55
83,examples-of-high-virality-scores.html,Pillar/article,1291,1,13,7,55
84,exploring-video-trends-for-virality.html,Pillar/article,1256,1,12,7,55
85,factors-affecting-virality-score.html,Pillar/article,1245,1,12,7,55
86,finding-viral-success-through-collaboration.html,Pillar/article,1282,1,13,7,55
87,future-of-video-virality-scores.html,Pillar/article,1290,1,12,7,55
88,geographical-influences-on-video-virality.html,Pillar/article,1287,1,13,7,55
89,history-of-viral-videos.html,Pillar/article,1255,1,12,7,55
90,how-emotion-drives-video-virality-score.html,Pillar/article,1324,1,13,7,55
91,how-narrative-style-affects-video-virality.html,Pillar/article,1324,1,13,7,55
92,how-to-boost-video-virality.html,Pillar/article,1287,1,12,7,55
93,how-to-boost-your-video-virality-score.html,Pillar/article,1361,1,12,7,55
94,how-to-create-shareable-video-content.html,Pillar/article,1314,1,13,7,55
95,how-to-improve-your-virality-score.html,Pillar/article,1323,1,12,7,55
96,how-to-increase-your-video-virality-score.html,Pillar/article,1371,1,13,8,55
97,how-to-make-your-video-trending.html,Pillar/article,1325,1,12,7,55
98,how-to-track-effective-virality-metrics.html,Pillar/article,1315,1,12,7,55
99,how-to-use-hashtags-for-video-virality.html,Pillar/article,1311,1,13,7,55
100,how-to-use-video-length-for-virality.html,Pillar/article,1324,1,13,7,55
101,how-user-engagement-drives-virality-score.html,Pillar/article,1328,1,13,7,55
102,impact-of-video-length-on-virality.html,Pillar/article,1321,1,13,7,55
103,impact-of-video-virality-score-on-content-strategy.html,Pillar/article,1388,1,12,7,55
104,importance-of-community-engagement-for-virality.html,Pillar/article,1293,1,13,7,55
105,importance-of-video-virality-score.html,Pillar/article,1280,1,12,7,55
106,importance-of-virality-score.html,Pillar/article,1242,1,12,7,55
107,lessons-from-viral-video-failures.html,Pillar/article,1283,1,13,7,55
108,leveraging-influencers-for-viral-content.html,Pillar/article,1234,1,13,7,55
109,leveraging-influencers-for-viral-video.html,Pillar/article,1297,1,14,8,55
110,leveraging-social-media-for-virality.html,Pillar/article,1257,1,13,7,55
111,leveraging-user-generated-content-for-virality.html,Pillar/article,1289,1,13,7,55
112,localization-and-video-virality-score.html,Pillar/article,1289,1,13,7,55
113,localizing-content-for-video-virality.html,Pillar/article,1237,1,13,7,55
114,mastering-visuals-for-virality.html,Pillar/article,1224,1,13,7,55
115,maximizing-engagement-for-virality.html,Pillar/article,1220,1,13,7,55
116,maximizing-shareability-in-content.html,Pillar/article,1242,1,13,7,55
117,maximizing-shareability-in-video-content.html,Pillar/article,1280,1,13,7,55
118,maximizing-your-video-content-budget.html,Pillar/article,1291,1,13,7,55
119,measuring-brand-impact-through-virality.html,Pillar/article,1288,1,13,7,55
120,measuring-vidops-virality-score.html,Pillar/article,1248,1,12,7,55
121,measuring-viral-potential-in-content-marketing.html,Pillar/article,1324,1,12,7,55
122,measuring-your-video-virality-score.html,Pillar/article,1300,1,13,8,55
123,metrics-for-evaluating-video-virality.html,Pillar/article,1291,1,13,7,55
124,modern-viral-video-campaigns.html,Pillar/article,1245,1,13,7,55
125,narrative-style-and-virality.html,Pillar/article,1219,1,13,7,55
126,narrative-techniques-in-viral-video.html,Pillar/article,1289,1,13,7,55
127,niche-audiences-and-virality.html,Pillar/article,1213,1,13,7,55
128,niche-marketing-and-video-virality.html,Pillar/article,1232,1,13,7,55
129,niche-targeting-strategies-for-virality.html,Pillar/article,1248,1,13,7,55
130,nurturing-viral-video-ideas.html,Pillar/article,1253,1,12,7,55
131,optimizing-video-tags-for-virality.html,Pillar/article,1256,1,13,7,55
132,optimizing-video-thumbnails-for-virality.html,Pillar/article,1250,1,13,7,55
133,promoting-viral-videos.html,Pillar/article,1218,1,13,7,55
134,psychological-appeal-in-viral-content.html,Pillar/article,1238,1,13,7,55
135,psychological-triggers-in-viral-videos.html,Pillar/article,1236,1,13,7,55
136,role-of-audience-engagement-in-virality.html,Pillar/article,1328,1,13,7,55
137,role-of-emotion-in-video-virality.html,Pillar/article,1266,1,13,7,55
138,social-media-strategies-for-viral-videos.html,Pillar/article,1275,1,13,7,55
139,social-media-strategies-for-virality.html,Pillar/article,1258,1,13,7,55
140,storytelling-techniques-for-viral-videos.html,Pillar/article,1259,1,15,9,55
141,strategies-for-influencer-video-virality.html,Pillar/article,1284,1,13,7,55
142,taking-advantage-of-brand-partnerships.html,Pillar/article,1289,1,13,7,55
143,techniques-to-increase-video-virality-score.html,Pillar/article,1323,1,12,7,55
144,testing-viral-video-concepts.html,Pillar/article,1253,1,12,7,55
145,the-art-of-engaging-video-intros.html,Pillar/article,1327,1,13,7,55
146,the-art-of-video-thumbnails-and-virality.html,Pillar/article,1336,1,14,8,55
147,the-benefits-of-a-strong-call-to-action.html,Pillar/article,1395,1,13,7,55
148,the-benefits-of-live-streaming.html,Pillar/article,1292,1,12,7,55
149,the-boosting-effect-of-a-good-title.html,Pillar/article,1362,1,13,7,55
150,the-effect-of-digital-marketing-on-video-virality.html,Pillar/article,1400,1,13,7,55
151,the-effect-of-holidays-on-video-virality.html,Pillar/article,1365,1,13,7,55
152,the-effect-of-user-feedback-on-video-creation.html,Pillar/article,1395,1,13,7,55
153,the-effects-of-social-media-on-video-virality.html,Pillar/article,1399,1,13,7,55
154,the-evolution-of-video-virality.html,Pillar/article,1240,1,12,7,55
155,the-evolution-of-viral-video-marketing.html,Pillar/article,1328,1,12,7,55
156,the-future-of-video-virality-score.html,Pillar/article,1327,1,12,7,55
157,the-future-of-video-virality.html,Pillar/article,1240,1,12,7,55
158,the-impact-of-influencers-on-virality.html,Pillar/article,1322,1,13,7,55
159,the-impact-of-quality-on-virality-score.html,Pillar/article,1372,1,14,8,55
160,the-impact-of-social-media-on-video-virality.html,Pillar/article,1398,1,13,7,55
161,the-impact-of-time-of-posting-on-video-virality.html,Pillar/article,1438,1,13,7,55
162,the-impact-of-title-on-virality.html,Pillar/article,1328,1,13,7,55
163,the-impact-of-visual-stories-on-virality.html,Pillar/article,1361,1,13,7,55
164,the-importance-of-quality-in-video-virality.html,Pillar/article,1308,1,13,7,55
165,the-importance-of-storytelling-in-viral-videos.html,Pillar/article,1308,1,13,7,55
166,the-importance-of-thumbnails-in-virality.html,Pillar/article,1322,1,13,7,55
167,the-importance-of-video-thumbnails.html,Pillar/article,1286,1,13,7,55
168,the-influence-of-trends-on-virality.html,Pillar/article,1323,1,13,7,55
169,the-killer-combination-of-video-tools.html,Pillar/article,1328,1,12,7,55
170,the-power-of-collaborations-in-virality.html,Pillar/article,1319,1,13,7,55
171,the-power-of-friends-and-family-in-virality.html,Pillar/article,1399,1,13,7,55
172,the-power-of-storytelling-in-virality.html,Pillar/article,1334,1,14,8,55
173,the-power-of-user-generated-content-for-virality.html,Pillar/article,1363,1,13,7,55
174,the-power-of-user-generated-content.html,Pillar/article,1324,1,13,7,55
175,the-psychology-behind-video-sharing-and-virality.html,Pillar/article,1327,1,13,7,55
176,the-psychology-of-sharing-videos.html,Pillar/article,1288,1,13,7,55
177,the-psychology-of-viral-videos.html,Pillar/article,1287,1,13,7,55
178,the-role-of-analytics-in-video-virality.html,Pillar/article,1301,1,12,7,55
179,the-role-of-analytics-in-virality.html,Pillar/article,1314,1,12,7,55
180,the-role-of-audience-feedback-in-virality.html,Pillar/article,1361,1,13,7,55
181,the-role-of-branding-in-video-virality.html,Pillar/article,1309,1,13,7,55
182,the-role-of-color-in-video-virality.html,Pillar/article,1315,1,13,7,55
183,the-role-of-comments-in-video-engagement.html,Pillar/article,1364,1,13,7,55
184,the-role-of-copywriting-in-viral-videos.html,Pillar/article,1311,1,13,7,55
185,the-role-of-culture-in-viral-video.html,Pillar/article,1359,1,13,7,55
186,the-role-of-emotion-in-viral-video-content.html,Pillar/article,1408,1,14,8,55
187,the-role-of-emotion-in-virality.html,Pillar/article,1324,1,13,7,55
188,the-role-of-hashtags-in-video-virality.html,Pillar/article,1322,1,14,8,55
189,the-role-of-hashtags-in-virality.html,Pillar/article,1326,1,13,7,55
190,the-role-of-social-media-in-virality.html,Pillar/article,1363,1,13,7,55
191,the-role-of-trending-topics-in-virality.html,Pillar/article,1359,1,13,7,55
192,the-role-of-visual-narratives-in-going-viral.html,Pillar/article,1395,1,13,7,55
193,the-science-behind-video-virality-score.html,Pillar/article,1315,1,12,7,55
194,the-science-behind-video-virality.html,Pillar/article,1279,1,12,7,55
195,the-science-behind-virality.html,Pillar/article,1244,1,12,7,55
196,the-science-of-shareability.html,Pillar/article,1243,1,12,7,55
197,the-science-of-video-virality-score.html,Pillar/article,1315,1,12,7,55
198,the-significance-of-mobile-optimization.html,Pillar/article,1288,1,13,7,55
199,the-social-impact-of-viral-videos.html,Pillar/article,1326,1,13,7,55
200,the-value-of-storytelling-in-video-virality.html,Pillar/article,1308,1,13,7,55
201,the-value-of-testimonials-in-video.html,Pillar/article,1324,1,13,7,55
202,time-of-day-and-video-virality.html,Pillar/article,1300,1,15,9,55
203,timing-and-trends-in-viral-videos.html,Pillar/article,1280,1,13,7,55
204,tools-for-measuring-video-virality-score.html,Pillar/article,1323,1,13,7,55
205,top-factors-affecting-virality-score.html,Pillar/article,1281,1,12,7,55
206,top-tools-for-analyzing-video-virality-score.html,Pillar/article,1360,1,13,7,55
207,tracking-video-shares-for-virality-insights.html,Pillar/article,1316,1,12,7,55
208,trending-topics-and-video-virality.html,Pillar/article,1249,1,14,8,55
209,understanding-algorithms-for-video-virality.html,Pillar/article,1239,1,13,7,55
210,understanding-audience-personas-for-virality.html,Pillar/article,1249,1,13,7,55
211,understanding-new-tiktok-algorithm-2026.html,Pillar/article,1291,1,13,7,55
212,understanding-social-media-algorithms.html,Pillar/article,1256,1,13,7,55
213,understanding-the-audience-for-virality.html,Pillar/article,1260,1,14,8,55
214,understanding-video-metrics.html,Pillar/article,1207,1,12,7,55
215,understanding-video-virality-score-for-marketers.html,Pillar/article,1314,1,12,7,55
216,understanding-video-virality-score.html,Pillar/article,1244,1,12,7,55
217,understanding-video-virality-trends.html,Pillar/article,1254,1,12,7,55
218,understanding-viral-metrics-for-marketing.html,Pillar/article,1291,1,13,7,55
219,user-generated-content-and-virality.html,Pillar/article,1253,1,13,7,55
220,user-generated-content-virality.html,Pillar/article,1252,1,13,7,55
221,using-analytics-to-enhance-virality.html,Pillar/article,1280,1,12,7,55
222,using-analytics-to-improve-virality-score.html,Pillar/article,1316,1,12,7,55
223,using-ar-and-vr-in-viral-video-strategies.html,Pillar/article,1400,1,12,7,55
224,using-data-analytics-for-virality.html,Pillar/article,1245,1,12,7,55
225,using-live-streaming-for-virality.html,Pillar/article,1271,1,13,8,55
226,using-trends-to-boost-virality.html,Pillar/article,1289,1,13,7,55
227,using-virality-score-for-marketing.html,Pillar/article,1278,1,12,7,55
228,vetting-content-for-viral-potential.html,Pillar/article,1287,1,12,7,55
229,video-content-for-social-change.html,Pillar/article,1292,1,13,7,55
230,video-length-and-virality-score.html,Pillar/article,1285,1,13,7,55
231,video-trends-and-future-outlook.html,Pillar/article,1292,1,12,7,55
232,video-virality-and-online-branding.html,Pillar/article,1288,1,13,7,55
233,video-virality-and-social-media-platforms.html,Pillar/article,1326,1,13,7,55
234,video-virality-in-niche-markets.html,Pillar/article,1281,1,13,7,55
235,video-virality-score-basics.html,Pillar/article,1242,1,12,7,55
236,video-virality-score-how-to-measure-it.html,Pillar/article,1358,1,12,7,55
237,video-virality-score-tool-usage.html,Pillar/article,1285,1,12,7,55
238,viral-content-bursting-strategies.html,Pillar/article,1251,1,12,7,55
239,viral-content-structure.html,Pillar/article,1216,1,12,7,55
240,viral-video-advertising-techniques.html,Pillar/article,1256,1,13,7,55
241,viral-video-characteristics.html,Pillar/article,1217,1,12,7,55
242,viral-video-content-ideas.html,Pillar/article,1253,1,12,7,55
243,viral-video-creation-tools.html,Pillar/article,1255,1,12,7,55
244,viral-video-editing-techniques.html,Pillar/article,1256,1,12,7,55
245,viral-video-formulas.html,Pillar/article,1217,1,12,7,55
246,virality-score-across-different-platforms.html,Pillar/article,1290,1,13,7,55
247,virality-score-tracking-tools.html,Pillar/article,1252,1,13,7,55
248,virality-scores-and-predictive-analytics.html,Pillar/article,1280,1,12,7,55
249,visual-appeal-in-video-virality.html,Pillar/article,1242,1,13,7,55
250,visual-elements-that-boost-virality-score.html,Pillar/article,1329,1,13,7,55
251,why-did-my-tiktok-video-flop.html,Pillar/article,1339,1,14,8,55
