page,words,inbound_links,on_page_seo_score,internal_link_score,type
case-studies-of-viral-videos.html,1294,15,100,100,pillar/standalone
collaboration-in-viral-video-production.html,845,13,100,100,pillar/standalone
creating-shareable-video-content.html,1050,10,100,100,pillar/standalone
cultural-impact-on-video-virality.html,928,29,100,100,pillar/standalone
exploring-the-role-of-social-media-in-video-virality.html,3459,46,100,100,pillar/standalone
factors-affecting-video-virality-score.html,839,25,100,100,pillar/standalone
genres-that-boost-video-virality.html,773,19,100,100,pillar/standalone
how-to-calculate-video-virality-score.html,966,229,100,100,pillar/standalone
how-to-improve-video-virality-score.html,2711,30,100,100,pillar/standalone
the-art-of-storytelling-in-viral-videos.html,1550,14,100,100,pillar/standalone
the-role-of-emotion-in-video-virality.html,1592,13,100,100,pillar/standalone
title-length-and-its-impact-on-video-virality.html,822,11,100,100,pillar/standalone
understanding-video-virality-analytics.html,1634,13,100,100,pillar/standalone
what-is-video-virality-score.html,1994,17,100,100,pillar/standalone
impact-of-branding-on-video-virality.html,1098,9,100,95,pillar/standalone
analyzing-competitor-virality-scores.html,808,8,100,90,pillar/standalone
common-mistakes-in-creating-viral-videos.html,855,8,100,90,pillar/standalone
optimizing-video-length-for-virality.html,985,8,100,90,pillar/standalone
the-impact-of-video-quality-on-virality.html,967,7,100,85,pillar/standalone
optimizing-thumbnails-for-virality.html,996,6,100,80,pillar/standalone
understanding-audience-targeting.html,1038,9,100,80,pillar/standalone
top-10-video-virality-tools.html,912,4,100,70,pillar/standalone
the-importance-of-a-strong-call-to-action.html,866,3,100,40,pillar/standalone
analyzing-viral-video-metrics.html,883,17,92,100,pillar/standalone
colors-and-visual-design-in-viral-videos.html,856,11,92,100,pillar/standalone
community-building-for-virality.html,1981,18,92,100,pillar/standalone
viral-video-trends-in-2026.html,2791,23,92,100,pillar/standalone
user-generated-content-and-video-virality.html,1194,9,92,95,pillar/standalone
the-connection-between-trends-and-virality.html,1057,6,92,80,pillar/standalone
leveraging-influencers-for-video-virality.html,997,5,92,75,pillar/standalone
timing-of-video-release-and-virality.html,824,5,92,75,pillar/standalone
understanding-audience-feedback-for-virality.html,791,4,92,70,pillar/standalone
navigating-video-regulations-and-compliance.html,999,1,92,55,pillar/standalone
mobile-optimization-for-viral-videos.html,1634,7,82,85,pillar/standalone
top-viral-video-formats.html,121,2,82,40,alias/hub
analyzing-viral-video-trends.html,122,1,82,35,alias/hub
benefits-of-viral-video-strategy.html,124,1,82,35,alias/hub
building-a-viral-video-community.html,125,1,82,35,alias/hub
calculating-virality-score.html,120,2,82,35,alias/hub
can-music-affect-video-virality.html,124,1,82,35,alias/hub
co-creating-videos-with-audience.html,124,1,82,35,alias/hub
content-creation-for-virality.html,126,1,82,35,alias/hub
creating-shareable-content.html,117,1,82,35,alias/hub
creating-viral-influencer-content.html,119,1,82,35,alias/hub
designing-for-viral-potential.html,126,1,82,35,alias/hub
dissecting-viral-video-campaigns.html,123,1,82,35,alias/hub
emotional-appeal-in-viral-videos.html,123,1,82,35,alias/hub
engagement-metrics-and-virality.html,120,1,82,35,alias/hub
examples-of-high-virality-scores.html,122,1,82,35,alias/hub
factors-affecting-virality-score.html,120,1,82,35,alias/hub
future-of-video-virality-scores.html,122,1,82,35,alias/hub
history-of-viral-videos.html,121,1,82,35,alias/hub
how-to-boost-video-virality.html,127,1,82,35,alias/hub
how-to-make-your-video-trending.html,131,1,82,35,alias/hub
importance-of-virality-score.html,120,1,82,35,alias/hub
lessons-from-viral-video-failures.html,125,1,82,35,alias/hub
mastering-visuals-for-virality.html,124,1,82,35,alias/hub
modern-viral-video-campaigns.html,121,1,82,35,alias/hub
narrative-style-and-virality.html,123,1,82,35,alias/hub
niche-audiences-and-virality.html,121,1,82,35,alias/hub
nurturing-viral-video-ideas.html,127,1,82,35,alias/hub
promoting-viral-videos.html,120,1,82,35,alias/hub
role-of-emotion-in-video-virality.html,125,1,82,35,alias/hub
testing-viral-video-concepts.html,127,1,82,35,alias/hub
the-art-of-engaging-video-intros.html,126,1,82,35,alias/hub
the-benefits-of-live-streaming.html,124,1,82,35,alias/hub
the-evolution-of-video-virality.html,123,1,82,35,alias/hub
the-future-of-video-virality.html,123,1,82,35,alias/hub
the-impact-of-title-on-virality.html,127,1,82,35,alias/hub
the-psychology-of-sharing-videos.html,124,1,82,35,alias/hub
the-psychology-of-viral-videos.html,123,1,82,35,alias/hub
the-role-of-analytics-in-virality.html,123,1,82,35,alias/hub
the-role-of-emotion-in-virality.html,126,1,82,35,alias/hub
the-role-of-hashtags-in-virality.html,126,1,82,35,alias/hub
the-science-behind-video-virality.html,123,1,82,35,alias/hub
the-science-behind-virality.html,122,1,82,35,alias/hub
the-science-of-shareability.html,121,1,82,35,alias/hub
the-social-impact-of-viral-videos.html,127,1,82,35,alias/hub
time-of-day-and-video-virality.html,131,1,82,35,alias/hub
timing-and-trends-in-viral-videos.html,131,1,82,35,alias/hub
understanding-video-metrics.html,118,1,82,35,alias/hub
user-generated-content-virality.html,121,1,82,35,alias/hub
using-data-analytics-for-virality.html,122,1,82,35,alias/hub
using-live-streaming-for-virality.html,123,1,82,35,alias/hub
using-trends-to-boost-virality.html,126,1,82,35,alias/hub
video-content-for-social-change.html,127,1,82,35,alias/hub
video-length-and-virality-score.html,124,1,82,35,alias/hub
video-trends-and-future-outlook.html,124,1,82,35,alias/hub
video-virality-best-practices.html,125,1,82,35,alias/hub
video-virality-in-niche-markets.html,121,1,82,35,alias/hub
video-virality-score-basics.html,120,1,82,35,alias/hub
viral-content-bursting-strategies.html,125,1,82,35,alias/hub
viral-content-structure.html,124,1,82,35,alias/hub
viral-video-characteristics.html,125,1,82,35,alias/hub
viral-video-content-ideas.html,127,1,82,35,alias/hub
viral-video-creation-tools.html,121,1,82,35,alias/hub
viral-video-editing-techniques.html,122,1,82,35,alias/hub
viral-video-formulas.html,125,1,82,35,alias/hub
virality-score-tracking-tools.html,123,1,82,35,alias/hub
visual-appeal-in-video-virality.html,125,1,82,35,alias/hub
why-did-my-tiktok-video-flop.html,127,1,82,35,alias/hub
measuring-vidops-virality-score.html,120,1,82,30,alias/hub
video-virality-score-tool-usage.html,123,1,82,30,alias/hub
index.html,2015,250,80,100,pillar/standalone
editorial-policy.html,415,250,78,70,alias/hub
building-a-community-around-your-video.html,127,2,72,40,alias/hub
creating-engaging-thumbnails-for-virality.html,124,2,72,40,alias/hub
tailoring-content-for-different-platforms.html,125,2,72,40,alias/hub
2026-video-virality-trends-to-watch.html,126,1,72,35,alias/hub
analytics-and-the-future-of-video-virality.html,126,1,72,35,alias/hub
analyzing-competitors-for-viral-video-strategy.html,122,1,72,35,alias/hub
analyzing-the-competition-for-virality.html,121,1,72,35,alias/hub
analyzing-video-virality-score-metrics.html,122,1,72,35,alias/hub
analyzing-viral-video-case-studies.html,125,1,72,35,alias/hub
case-studies-in-viral-video-success.html,127,1,72,35,alias/hub
case-studies-in-viral-videos-and-their-scores.html,130,1,72,35,alias/hub
case-study-successful-viral-videos.html,125,1,72,35,alias/hub
collaborative-strategies-for-viral-video.html,122,1,72,35,alias/hub
community-engagement-and-video-virality.html,127,1,72,35,alias/hub
content-length-and-virality-relationship.html,125,1,72,35,alias/hub
crafting-captivating-intros-for-virality.html,125,1,72,35,alias/hub
creating-challenges-for-viral-content.html,128,1,72,35,alias/hub
cross-platform-promotions-for-viral-videos.html,128,1,72,35,alias/hub
cultural-influences-on-video-virality.html,122,1,72,35,alias/hub
current-social-trends-in-video-virality.html,126,1,72,35,alias/hub
customizing-video-content-for-audience.html,122,1,72,35,alias/hub
developing-a-viral-content-calendar.html,124,1,72,35,alias/hub
discovering-trending-topics-for-video-virality.html,127,1,72,35,alias/hub
educational-content-and-video-virality.html,123,1,72,35,alias/hub
emotional-content-and-virality-score.html,125,1,72,35,alias/hub
engaging-audience-with-video-virality.html,127,1,72,35,alias/hub
engaging-audiences-with-video-end-screens.html,126,1,72,35,alias/hub
exploring-video-trends-for-virality.html,122,1,72,35,alias/hub
finding-viral-success-through-collaboration.html,121,1,72,35,alias/hub
geographical-influences-on-video-virality.html,122,1,72,35,alias/hub
how-emotion-drives-video-virality-score.html,126,1,72,35,alias/hub
how-narrative-style-affects-video-virality.html,126,1,72,35,alias/hub
how-to-boost-your-video-virality-score.html,133,1,72,35,alias/hub
how-to-create-shareable-video-content.html,123,1,72,35,alias/hub
how-to-improve-your-virality-score.html,129,1,72,35,alias/hub
how-to-increase-your-video-virality-score.html,133,1,72,35,alias/hub
how-to-track-effective-virality-metrics.html,124,1,72,35,alias/hub
how-to-use-hashtags-for-video-virality.html,128,1,72,35,alias/hub
how-to-use-video-length-for-virality.html,129,1,72,35,alias/hub
impact-of-video-length-on-virality.html,126,1,72,35,alias/hub
impact-of-video-virality-score-on-content-strategy.html,130,1,72,35,alias/hub
importance-of-video-virality-score.html,124,1,72,35,alias/hub
leveraging-influencers-for-viral-content.html,123,1,72,35,alias/hub
leveraging-influencers-for-viral-video.html,123,1,72,35,alias/hub
leveraging-social-media-for-virality.html,125,1,72,35,alias/hub
localization-and-video-virality-score.html,124,1,72,35,alias/hub
localizing-content-for-video-virality.html,123,1,72,35,alias/hub
maximizing-engagement-for-virality.html,123,1,72,35,alias/hub
maximizing-shareability-in-content.html,119,1,72,35,alias/hub
maximizing-shareability-in-video-content.html,123,1,72,35,alias/hub
maximizing-your-video-content-budget.html,125,1,72,35,alias/hub
measuring-brand-impact-through-virality.html,124,1,72,35,alias/hub
measuring-viral-potential-in-content-marketing.html,130,1,72,35,alias/hub
metrics-for-evaluating-video-virality.html,122,1,72,35,alias/hub
narrative-techniques-in-viral-video.html,125,1,72,35,alias/hub
niche-marketing-and-video-virality.html,123,1,72,35,alias/hub
niche-targeting-strategies-for-virality.html,122,1,72,35,alias/hub
optimizing-video-tags-for-virality.html,124,1,72,35,alias/hub
optimizing-video-thumbnails-for-virality.html,123,1,72,35,alias/hub
psychological-appeal-in-viral-content.html,125,1,72,35,alias/hub
psychological-triggers-in-viral-videos.html,123,1,72,35,alias/hub
role-of-audience-engagement-in-virality.html,129,1,72,35,alias/hub
social-media-strategies-for-viral-videos.html,126,1,72,35,alias/hub
social-media-strategies-for-virality.html,126,1,72,35,alias/hub
storytelling-techniques-for-viral-videos.html,124,1,72,35,alias/hub
strategies-for-influencer-video-virality.html,122,1,72,35,alias/hub
taking-advantage-of-brand-partnerships.html,125,1,72,35,alias/hub
techniques-to-increase-video-virality-score.html,129,1,72,35,alias/hub
the-art-of-video-thumbnails-and-virality.html,129,1,72,35,alias/hub
the-benefits-of-a-strong-call-to-action.html,128,1,72,35,alias/hub
the-boosting-effect-of-a-good-title.html,127,1,72,35,alias/hub
the-effect-of-digital-marketing-on-video-virality.html,132,1,72,35,alias/hub
the-effect-of-holidays-on-video-virality.html,131,1,72,35,alias/hub
the-effect-of-user-feedback-on-video-creation.html,130,1,72,35,alias/hub
the-effects-of-social-media-on-video-virality.html,131,1,72,35,alias/hub
the-evolution-of-viral-video-marketing.html,126,1,72,35,alias/hub
the-future-of-video-virality-score.html,125,1,72,35,alias/hub
the-impact-of-influencers-on-virality.html,126,1,72,35,alias/hub
the-impact-of-quality-on-virality-score.html,129,1,72,35,alias/hub
the-impact-of-social-media-on-video-virality.html,130,1,72,35,alias/hub
the-impact-of-time-of-posting-on-video-virality.html,136,1,72,35,alias/hub
the-impact-of-visual-stories-on-virality.html,129,1,72,35,alias/hub
the-importance-of-quality-in-video-virality.html,127,1,72,35,alias/hub
the-importance-of-storytelling-in-viral-videos.html,127,1,72,35,alias/hub
the-importance-of-thumbnails-in-virality.html,127,1,72,35,alias/hub
the-importance-of-video-thumbnails.html,125,1,72,35,alias/hub
the-influence-of-trends-on-virality.html,126,1,72,35,alias/hub
the-killer-combination-of-video-tools.html,126,1,72,35,alias/hub
the-power-of-collaborations-in-virality.html,124,1,72,35,alias/hub
the-power-of-storytelling-in-virality.html,125,1,72,35,alias/hub
the-power-of-user-generated-content.html,125,1,72,35,alias/hub
the-psychology-behind-video-sharing-and-virality.html,129,1,72,35,alias/hub
the-role-of-analytics-in-video-virality.html,127,1,72,35,alias/hub
the-role-of-audience-feedback-in-virality.html,130,1,72,35,alias/hub
the-role-of-branding-in-video-virality.html,128,1,72,35,alias/hub
the-role-of-color-in-video-virality.html,130,1,72,35,alias/hub
the-role-of-comments-in-video-engagement.html,131,1,72,35,alias/hub
the-role-of-copywriting-in-viral-videos.html,127,1,72,35,alias/hub
the-role-of-culture-in-viral-video.html,126,1,72,35,alias/hub
the-role-of-emotion-in-viral-video-content.html,131,1,72,35,alias/hub
the-role-of-hashtags-in-video-virality.html,130,1,72,35,alias/hub
the-role-of-social-media-in-virality.html,129,1,72,35,alias/hub
the-role-of-trending-topics-in-virality.html,128,1,72,35,alias/hub
the-role-of-visual-narratives-in-going-viral.html,129,1,72,35,alias/hub
the-science-behind-video-virality-score.html,125,1,72,35,alias/hub
the-science-of-video-virality-score.html,125,1,72,35,alias/hub
the-value-of-storytelling-in-video-virality.html,127,1,72,35,alias/hub
the-value-of-testimonials-in-video.html,125,1,72,35,alias/hub
tools-for-measuring-video-virality-score.html,126,1,72,35,alias/hub
top-factors-affecting-virality-score.html,122,1,72,35,alias/hub
top-tools-for-analyzing-video-virality-score.html,129,1,72,35,alias/hub
tracking-video-shares-for-virality-insights.html,125,1,72,35,alias/hub
trending-topics-and-video-virality.html,126,1,72,35,alias/hub
understanding-algorithms-for-video-virality.html,124,1,72,35,alias/hub
understanding-audience-personas-for-virality.html,123,1,72,35,alias/hub
understanding-new-tiktok-algorithm-2026.html,125,1,72,35,alias/hub
understanding-social-media-algorithms.html,124,1,72,35,alias/hub
understanding-the-audience-for-virality.html,122,1,72,35,alias/hub
understanding-video-virality-score-for-marketers.html,124,1,72,35,alias/hub
understanding-video-virality-score.html,122,1,72,35,alias/hub
understanding-video-virality-trends.html,120,1,72,35,alias/hub
understanding-viral-metrics-for-marketing.html,122,1,72,35,alias/hub
user-generated-content-and-virality.html,122,1,72,35,alias/hub
using-analytics-to-enhance-virality.html,123,1,72,35,alias/hub
using-analytics-to-improve-virality-score.html,125,1,72,35,alias/hub
using-ar-and-vr-in-viral-video-strategies.html,130,1,72,35,alias/hub
using-virality-score-for-marketing.html,122,1,72,35,alias/hub
vetting-content-for-viral-potential.html,127,1,72,35,alias/hub
video-virality-and-online-branding.html,124,1,72,35,alias/hub
video-virality-and-social-media-platforms.html,126,1,72,35,alias/hub
viral-video-advertising-techniques.html,124,1,72,35,alias/hub
virality-score-across-different-platforms.html,124,1,72,35,alias/hub
virality-scores-and-predictive-analytics.html,123,1,72,35,alias/hub
visual-elements-that-boost-virality-score.html,127,1,72,35,alias/hub
measuring-your-video-virality-score.html,124,1,72,30,alias/hub
video-virality-score-how-to-measure-it.html,128,1,72,30,alias/hub
about.html,316,250,68,75,alias/hub
author-profile.html,344,250,68,70,alias/hub
the-importance-of-mobile-optimization-for-video-virality.html,133,2,62,40,alias/hub
building-encouraging-communities-for-video-sharing.html,127,1,62,35,alias/hub
how-user-engagement-drives-virality-score.html,129,1,62,35,alias/hub
importance-of-community-engagement-for-virality.html,128,1,62,35,alias/hub
leveraging-user-generated-content-for-virality.html,124,1,62,35,alias/hub
the-power-of-friends-and-family-in-virality.html,132,1,62,35,alias/hub
the-power-of-user-generated-content-for-virality.html,130,1,62,35,alias/hub
the-significance-of-mobile-optimization.html,127,1,62,35,alias/hub
